{"cameraMode":{"drawMode":0,"name":"Shaded","section":"Shading Mode"},"sceneLighting":false,"audioPlay":false,"sceneViewState":{"showFog":true,"showMaterialUpdate":false,"showSkybox":true,"showFlares":true,"showImageEffects":true,"showParticleSystems":true},"in2DMode":false,"pivot":{"x":-0.47799253463745119,"y":-0.5676593780517578,"z":0.7242770195007324},"rotation":{"x":-0.16963838040828706,"y":-0.8215450048446655,"z":0.44541439414024355,"w":-0.31288865208625796},"size":5.947070598602295,"orthographic":false}